[{"model": "auth.permission", "pk": 1, "fields": {"name": "Can add log entry", "content_type": 1, "codename": "add_logentry"}}, {"model": "auth.permission", "pk": 2, "fields": {"name": "Can change log entry", "content_type": 1, "codename": "change_logentry"}}, {"model": "auth.permission", "pk": 3, "fields": {"name": "Can delete log entry", "content_type": 1, "codename": "delete_logentry"}}, {"model": "auth.permission", "pk": 4, "fields": {"name": "Can view log entry", "content_type": 1, "codename": "view_logentry"}}, {"model": "auth.permission", "pk": 5, "fields": {"name": "Can add permission", "content_type": 2, "codename": "add_permission"}}, {"model": "auth.permission", "pk": 6, "fields": {"name": "Can change permission", "content_type": 2, "codename": "change_permission"}}, {"model": "auth.permission", "pk": 7, "fields": {"name": "Can delete permission", "content_type": 2, "codename": "delete_permission"}}, {"model": "auth.permission", "pk": 8, "fields": {"name": "Can view permission", "content_type": 2, "codename": "view_permission"}}, {"model": "auth.permission", "pk": 9, "fields": {"name": "Can add group", "content_type": 3, "codename": "add_group"}}, {"model": "auth.permission", "pk": 10, "fields": {"name": "Can change group", "content_type": 3, "codename": "change_group"}}, {"model": "auth.permission", "pk": 11, "fields": {"name": "Can delete group", "content_type": 3, "codename": "delete_group"}}, {"model": "auth.permission", "pk": 12, "fields": {"name": "Can view group", "content_type": 3, "codename": "view_group"}}, {"model": "auth.permission", "pk": 13, "fields": {"name": "Can add content type", "content_type": 4, "codename": "add_contenttype"}}, {"model": "auth.permission", "pk": 14, "fields": {"name": "Can change content type", "content_type": 4, "codename": "change_contenttype"}}, {"model": "auth.permission", "pk": 15, "fields": {"name": "Can delete content type", "content_type": 4, "codename": "delete_contenttype"}}, {"model": "auth.permission", "pk": 16, "fields": {"name": "Can view content type", "content_type": 4, "codename": "view_contenttype"}}, {"model": "auth.permission", "pk": 17, "fields": {"name": "Can add session", "content_type": 5, "codename": "add_session"}}, {"model": "auth.permission", "pk": 18, "fields": {"name": "Can change session", "content_type": 5, "codename": "change_session"}}, {"model": "auth.permission", "pk": 19, "fields": {"name": "Can delete session", "content_type": 5, "codename": "delete_session"}}, {"model": "auth.permission", "pk": 20, "fields": {"name": "Can view session", "content_type": 5, "codename": "view_session"}}, {"model": "auth.permission", "pk": 21, "fields": {"name": "Can add user", "content_type": 6, "codename": "add_user"}}, {"model": "auth.permission", "pk": 22, "fields": {"name": "Can change user", "content_type": 6, "codename": "change_user"}}, {"model": "auth.permission", "pk": 23, "fields": {"name": "Can delete user", "content_type": 6, "codename": "delete_user"}}, {"model": "auth.permission", "pk": 24, "fields": {"name": "Can view user", "content_type": 6, "codename": "view_user"}}, {"model": "auth.permission", "pk": 25, "fields": {"name": "Can add industry", "content_type": 7, "codename": "add_industry"}}, {"model": "auth.permission", "pk": 26, "fields": {"name": "Can change industry", "content_type": 7, "codename": "change_industry"}}, {"model": "auth.permission", "pk": 27, "fields": {"name": "Can delete industry", "content_type": 7, "codename": "delete_industry"}}, {"model": "auth.permission", "pk": 28, "fields": {"name": "Can view industry", "content_type": 7, "codename": "view_industry"}}, {"model": "auth.permission", "pk": 29, "fields": {"name": "Can add specific question", "content_type": 8, "codename": "add_specificquestion"}}, {"model": "auth.permission", "pk": 30, "fields": {"name": "Can change specific question", "content_type": 8, "codename": "change_specificquestion"}}, {"model": "auth.permission", "pk": 31, "fields": {"name": "Can delete specific question", "content_type": 8, "codename": "delete_specificquestion"}}, {"model": "auth.permission", "pk": 32, "fields": {"name": "Can view specific question", "content_type": 8, "codename": "view_specificquestion"}}, {"model": "auth.permission", "pk": 33, "fields": {"name": "Can add user response", "content_type": 9, "codename": "add_userresponse"}}, {"model": "auth.permission", "pk": 34, "fields": {"name": "Can change user response", "content_type": 9, "codename": "change_userresponse"}}, {"model": "auth.permission", "pk": 35, "fields": {"name": "Can delete user response", "content_type": 9, "codename": "delete_userresponse"}}, {"model": "auth.permission", "pk": 36, "fields": {"name": "Can view user response", "content_type": 9, "codename": "view_userresponse"}}, {"model": "auth.permission", "pk": 37, "fields": {"name": "Can add category", "content_type": 10, "codename": "add_category"}}, {"model": "auth.permission", "pk": 38, "fields": {"name": "Can change category", "content_type": 10, "codename": "change_category"}}, {"model": "auth.permission", "pk": 39, "fields": {"name": "Can delete category", "content_type": 10, "codename": "delete_category"}}, {"model": "auth.permission", "pk": 40, "fields": {"name": "Can view category", "content_type": 10, "codename": "view_category"}}, {"model": "auth.permission", "pk": 41, "fields": {"name": "Can add answer option", "content_type": 11, "codename": "add_answeroption"}}, {"model": "auth.permission", "pk": 42, "fields": {"name": "Can change answer option", "content_type": 11, "codename": "change_answeroption"}}, {"model": "auth.permission", "pk": 43, "fields": {"name": "Can delete answer option", "content_type": 11, "codename": "delete_answeroption"}}, {"model": "auth.permission", "pk": 44, "fields": {"name": "Can view answer option", "content_type": 11, "codename": "view_answeroption"}}, {"model": "auth.permission", "pk": 45, "fields": {"name": "Can add business score", "content_type": 12, "codename": "add_businessscore"}}, {"model": "auth.permission", "pk": 46, "fields": {"name": "Can change business score", "content_type": 12, "codename": "change_businessscore"}}, {"model": "auth.permission", "pk": 47, "fields": {"name": "Can delete business score", "content_type": 12, "codename": "delete_businessscore"}}, {"model": "auth.permission", "pk": 48, "fields": {"name": "Can view business score", "content_type": 12, "codename": "view_businessscore"}}, {"model": "auth.permission", "pk": 49, "fields": {"name": "Can add billing plan", "content_type": 13, "codename": "add_billingplan"}}, {"model": "auth.permission", "pk": 50, "fields": {"name": "Can change billing plan", "content_type": 13, "codename": "change_billingplan"}}, {"model": "auth.permission", "pk": 51, "fields": {"name": "Can delete billing plan", "content_type": 13, "codename": "delete_billingplan"}}, {"model": "auth.permission", "pk": 52, "fields": {"name": "Can view billing plan", "content_type": 13, "codename": "view_billingplan"}}, {"model": "auth.permission", "pk": 53, "fields": {"name": "Can add invoice", "content_type": 14, "codename": "add_invoice"}}, {"model": "auth.permission", "pk": 54, "fields": {"name": "Can change invoice", "content_type": 14, "codename": "change_invoice"}}, {"model": "auth.permission", "pk": 55, "fields": {"name": "Can delete invoice", "content_type": 14, "codename": "delete_invoice"}}, {"model": "auth.permission", "pk": 56, "fields": {"name": "Can view invoice", "content_type": 14, "codename": "view_invoice"}}, {"model": "auth.permission", "pk": 57, "fields": {"name": "Can add business", "content_type": 15, "codename": "add_business"}}, {"model": "auth.permission", "pk": 58, "fields": {"name": "Can change business", "content_type": 15, "codename": "change_business"}}, {"model": "auth.permission", "pk": 59, "fields": {"name": "Can delete business", "content_type": 15, "codename": "delete_business"}}, {"model": "auth.permission", "pk": 60, "fields": {"name": "Can view business", "content_type": 15, "codename": "view_business"}}, {"model": "auth.permission", "pk": 61, "fields": {"name": "Can add business score", "content_type": 16, "codename": "add_businessscore"}}, {"model": "auth.permission", "pk": 62, "fields": {"name": "Can change business score", "content_type": 16, "codename": "change_businessscore"}}, {"model": "auth.permission", "pk": 63, "fields": {"name": "Can delete business score", "content_type": 16, "codename": "delete_businessscore"}}, {"model": "auth.permission", "pk": 64, "fields": {"name": "Can view business score", "content_type": 16, "codename": "view_businessscore"}}, {"model": "contenttypes.contenttype", "pk": 1, "fields": {"app_label": "admin", "model": "logentry"}}, {"model": "contenttypes.contenttype", "pk": 2, "fields": {"app_label": "auth", "model": "permission"}}, {"model": "contenttypes.contenttype", "pk": 3, "fields": {"app_label": "auth", "model": "group"}}, {"model": "contenttypes.contenttype", "pk": 4, "fields": {"app_label": "contenttypes", "model": "contenttype"}}, {"model": "contenttypes.contenttype", "pk": 5, "fields": {"app_label": "sessions", "model": "session"}}, {"model": "contenttypes.contenttype", "pk": 6, "fields": {"app_label": "account", "model": "user"}}, {"model": "contenttypes.contenttype", "pk": 7, "fields": {"app_label": "questionnaire", "model": "industry"}}, {"model": "contenttypes.contenttype", "pk": 8, "fields": {"app_label": "questionnaire", "model": "specificquestion"}}, {"model": "contenttypes.contenttype", "pk": 9, "fields": {"app_label": "questionnaire", "model": "userresponse"}}, {"model": "contenttypes.contenttype", "pk": 10, "fields": {"app_label": "questionnaire", "model": "category"}}, {"model": "contenttypes.contenttype", "pk": 11, "fields": {"app_label": "questionnaire", "model": "answeroption"}}, {"model": "contenttypes.contenttype", "pk": 12, "fields": {"app_label": "questionnaire", "model": "businessscore"}}, {"model": "contenttypes.contenttype", "pk": 13, "fields": {"app_label": "payment", "model": "billingplan"}}, {"model": "contenttypes.contenttype", "pk": 14, "fields": {"app_label": "payment", "model": "invoice"}}, {"model": "contenttypes.contenttype", "pk": 15, "fields": {"app_label": "business", "model": "business"}}, {"model": "contenttypes.contenttype", "pk": 16, "fields": {"app_label": "business", "model": "businessscore"}}, {"model": "account.user", "pk": "09ef24b6-acc8-440e-958d-9cb115824a71", "fields": {"password": "pbkdf2_sha256$720000$tGtFxutMhqpVCVCDcIZNid$eXImNWX+/JNKOUKZdjiMWlRzCY+/M8yxevwauPz2gbM=", "email": "yorgoskyriazis@gmail.com", "name": "georgetest", "avatar": "", "is_active": true, "is_staff": false, "is_superuser": false, "email_verified": false, "address": null, "state": null, "zipcode": null, "contact": null, "date_joined": "2024-03-19T02:54:19.818Z", "last_login": null, "groups": [], "user_permissions": []}}, {"model": "account.user", "pk": "4675498e-3911-4b3f-9173-a6590aa86ba6", "fields": {"password": "pbkdf2_sha256$720000$7ApT84wXBAePwqRdTOQHtm$CQl5YR7c4UidXLnssxTSqdt4mP/Zm3PK+KmG5GpHg6w=", "email": "brbojr@gmail.com", "name": "", "avatar": "", "is_active": true, "is_staff": true, "is_superuser": true, "email_verified": false, "address": null, "state": null, "zipcode": null, "contact": null, "date_joined": "2024-02-21T14:34:13.903Z", "last_login": null, "groups": [], "user_permissions": []}}, {"model": "account.user", "pk": "4c887fff-c84e-4b7a-a5e6-1b8e2ed29c80", "fields": {"password": "pbkdf2_sha256$720000$wa4rVUyJaoNXldnemM3GkT$E7WD6XZoNZ0e4Dk47R/e8CrGnoLPOXWZShuDB7NZIa4=", "email": "mcjeremy@gmail.com", "name": "ohene", "avatar": "", "is_active": true, "is_staff": false, "is_superuser": false, "email_verified": false, "address": null, "state": null, "zipcode": null, "contact": null, "date_joined": "2024-03-03T02:14:29.202Z", "last_login": null, "groups": [], "user_permissions": []}}, {"model": "account.user", "pk": "63ec2a57-b555-41ea-9a91-0a3f7b458e3d", "fields": {"password": "pbkdf2_sha256$720000$89gRwnCNJPsi8yFuEHrP5A$K04NjTxfwvO0wL9sUxDnrKD8YBW7fTz6VzbRRCw+M6w=", "email": "brightboadujnr@gmail.com", "name": "bkj callisto", "avatar": "avatars/WhatsApp_Image_2024-03-06_at_16.09.19_2.jpeg", "is_active": true, "is_staff": false, "is_superuser": false, "email_verified": true, "address": null, "state": null, "zipcode": null, "contact": null, "date_joined": "2024-02-29T21:08:09.512Z", "last_login": null, "groups": [], "user_permissions": []}}, {"model": "account.user", "pk": "6bb604cb-7f1c-4a20-b139-2b0ec079d010", "fields": {"password": "pbkdf2_sha256$720000$rsPlBNUORFdPubfLRQCaBC$R4Ut8MTqE3lTGswwoMNkC7vV51dwrl9MRAZX9z7o7vY=", "email": "lincoln@gmail.com", "name": "lincoln doh", "avatar": "", "is_active": true, "is_staff": false, "is_superuser": false, "email_verified": false, "address": null, "state": null, "zipcode": null, "contact": null, "date_joined": "2024-02-21T14:33:45.492Z", "last_login": null, "groups": [], "user_permissions": []}}, {"model": "account.user", "pk": "e9c16675-0949-4f4f-8822-b1b1fdead026", "fields": {"password": "pbkdf2_sha256$720000$zftKWMprx1nCdBNX2oVORn$UY6KOiNGXukXVqmM6wSx/tXc0FKJft00a5+RmIH0N6U=", "email": "benita@gmail.com", "name": "benita", "avatar": "", "is_active": true, "is_staff": false, "is_superuser": false, "email_verified": true, "address": null, "state": null, "zipcode": null, "contact": null, "date_joined": "2024-03-02T12:26:45.195Z", "last_login": null, "groups": [], "user_permissions": []}}, {"model": "questionnaire.industry", "pk": 1, "fields": {"name": "E-commerce"}}, {"model": "questionnaire.industry", "pk": 2, "fields": {"name": "Real estate agent"}}, {"model": "questionnaire.industry", "pk": 3, "fields": {"name": "Content creator"}}, {"model": "questionnaire.industry", "pk": 4, "fields": {"name": "Restaurant owner"}}, {"model": "questionnaire.industry", "pk": 5, "fields": {"name": "Coaches"}}, {"model": "questionnaire.industry", "pk": 6, "fields": {"name": "Professional services"}}, {"model": "questionnaire.industry", "pk": 7, "fields": {"name": "Digital marketing agency"}}, {"model": "questionnaire.industry", "pk": 8, "fields": {"name": "Mortgage broker"}}, {"model": "questionnaire.industry", "pk": 9, "fields": {"name": "Network marketing"}}, {"model": "questionnaire.industry", "pk": 10, "fields": {"name": "Social media manager"}}, {"model": "questionnaire.industry", "pk": 11, "fields": {"name": "Software company"}}, {"model": "questionnaire.industry", "pk": 12, "fields": {"name": "Event space"}}, {"model": "questionnaire.industry", "pk": 13, "fields": {"name": "Podcast"}}, {"model": "questionnaire.industry", "pk": 14, "fields": {"name": "Affiliate marketing"}}, {"model": "questionnaire.industry", "pk": 15, "fields": {"name": "Travel agency"}}, {"model": "questionnaire.industry", "pk": 16, "fields": {"name": "Event planner"}}, {"model": "questionnaire.industry", "pk": 17, "fields": {"name": "Cleaning service"}}, {"model": "questionnaire.industry", "pk": 18, "fields": {"name": "Child care"}}, {"model": "questionnaire.industry", "pk": 19, "fields": {"name": "Land scaping"}}, {"model": "questionnaire.industry", "pk": 20, "fields": {"name": "Interior design"}}, {"model": "questionnaire.industry", "pk": 21, "fields": {"name": "Trucking"}}, {"model": "questionnaire.industry", "pk": 22, "fields": {"name": "Cyber security"}}, {"model": "questionnaire.industry", "pk": 23, "fields": {"name": "Electrician"}}, {"model": "questionnaire.industry", "pk": 24, "fields": {"name": "Hvac"}}, {"model": "questionnaire.industry", "pk": 25, "fields": {"name": "Plumbing"}}, {"model": "questionnaire.industry", "pk": 26, "fields": {"name": "Lawyer"}}, {"model": "questionnaire.industry", "pk": 27, "fields": {"name": "Insurance"}}, {"model": "questionnaire.industry", "pk": 28, "fields": {"name": "Credit score"}}, {"model": "questionnaire.industry", "pk": 29, "fields": {"name": "Copy writing"}}, {"model": "questionnaire.industry", "pk": 30, "fields": {"name": "Bright"}}, {"model": "questionnaire.industry", "pk": 31, "fields": {"name": "Boadu"}}, {"model": "questionnaire.category", "pk": 1, "fields": {"name": "Business info", "industries": [1]}}, {"model": "questionnaire.category", "pk": 2, "fields": {"name": "Finance", "industries": [1]}}, {"model": "questionnaire.category", "pk": 3, "fields": {"name": "Marketing", "industries": [1]}}, {"model": "questionnaire.category", "pk": 4, "fields": {"name": "Sales", "industries": [1]}}, {"model": "questionnaire.category", "pk": 5, "fields": {"name": "Customer", "industries": [1]}}, {"model": "questionnaire.category", "pk": 6, "fields": {"name": "Restaurant specific", "industries": []}}, {"model": "questionnaire.category", "pk": 7, "fields": {"name": "Coach specific", "industries": []}}, {"model": "questionnaire.category", "pk": 8, "fields": {"name": "E-commerce specific", "industries": []}}, {"model": "questionnaire.category", "pk": 9, "fields": {"name": "Professional services specific", "industries": []}}, {"model": "questionnaire.category", "pk": 10, "fields": {"name": "Real estate agent specific", "industries": []}}, {"model": "questionnaire.category", "pk": 11, "fields": {"name": "Content creator specific", "industries": []}}, {"model": "questionnaire.category", "pk": 12, "fields": {"name": "Technology", "industries": []}}, {"model": "questionnaire.category", "pk": 13, "fields": {"name": "Digital marketing agency specific", "industries": []}}, {"model": "questionnaire.category", "pk": 14, "fields": {"name": "Legal", "industries": []}}, {"model": "questionnaire.category", "pk": 15, "fields": {"name": "Mortgage broker specific", "industries": []}}, {"model": "questionnaire.category", "pk": 16, "fields": {"name": "Network marketing specific", "industries": []}}, {"model": "questionnaire.category", "pk": 17, "fields": {"name": "Social media manager specific", "industries": []}}, {"model": "questionnaire.category", "pk": 18, "fields": {"name": "Software specific", "industries": []}}, {"model": "questionnaire.category", "pk": 19, "fields": {"name": "Event space specific", "industries": []}}, {"model": "questionnaire.category", "pk": 20, "fields": {"name": "Podcast specific", "industries": []}}, {"model": "questionnaire.category", "pk": 21, "fields": {"name": "Affiliate marketing specific", "industries": []}}, {"model": "questionnaire.category", "pk": 22, "fields": {"name": "Travel agency specific", "industries": []}}, {"model": "questionnaire.category", "pk": 23, "fields": {"name": "Event planner specific", "industries": []}}, {"model": "questionnaire.category", "pk": 24, "fields": {"name": "Cleaning service specific", "industries": []}}, {"model": "questionnaire.category", "pk": 25, "fields": {"name": "Child care specific", "industries": []}}, {"model": "questionnaire.category", "pk": 26, "fields": {"name": "Land scape specific", "industries": []}}, {"model": "questionnaire.category", "pk": 27, "fields": {"name": "Interior design specific", "industries": []}}, {"model": "questionnaire.category", "pk": 28, "fields": {"name": "Trucking specific", "industries": []}}, {"model": "questionnaire.category", "pk": 29, "fields": {"name": "Cyber security specific", "industries": []}}, {"model": "questionnaire.category", "pk": 30, "fields": {"name": "Electrician specific", "industries": []}}, {"model": "questionnaire.category", "pk": 31, "fields": {"name": "Hvac specific", "industries": []}}, {"model": "questionnaire.category", "pk": 32, "fields": {"name": "Plumbing specific", "industries": []}}, {"model": "questionnaire.category", "pk": 33, "fields": {"name": "Lawyer specific", "industries": []}}, {"model": "questionnaire.category", "pk": 34, "fields": {"name": "Insurance specific", "industries": []}}, {"model": "questionnaire.category", "pk": 35, "fields": {"name": "Copy writing specific", "industries": []}}, {"model": "questionnaire.category", "pk": 36, "fields": {"name": "Credit score", "industries": []}}, {"model": "questionnaire.category", "pk": 41, "fields": {"name": "Boadu", "industries": []}}, {"model": "questionnaire.specificquestion", "pk": 1, "fields": {"question": "Business Audit", "description": "A business audit is like a financial checkup, where experts review a company's records to ensure accuracy, honesty, and compliance with rules. It helps identify errors, fraud, and areas for improvement.", "category": 1}}, {"model": "questionnaire.specificquestion", "pk": 2, "fields": {"question": "Business Structure", "description": "A business structure refers to the legal and organizational framework of a company. It defines how the business is set up, managed, and taxed. Common structures include sole proprietorship, partnership, limited liability company (LLC), and corporation. Each structure has unique characteristics, impacting factors like liability, management, and taxation. Choosing the right business structure is crucial, as it affects how the company operates and its legal standing.", "category": 1}}, {"model": "questionnaire.specificquestion", "pk": 3, "fields": {"question": "Expenses (monthly)", "description": "Expenses are the costs a business incurs in its operations, including items like rent, wages, and supplies. They are subtracted from revenue to determine profits. High expenses can hinder the growth of your business, always look to see where you can cut down on expenses for optimal growth of your businesses bottom line.", "category": 2}}, {"model": "questionnaire.specificquestion", "pk": 4, "fields": {"question": "Revenue", "description": "Revenue in business is the money a company makes by selling things or providing services. It's the total income before subtracting expenses. You can find details about how much money a company earns in documents like the income statement or profit and loss statement, which show how well the business is doing financially.", "category": 2}}, {"model": "questionnaire.specificquestion", "pk": 5, "fields": {"question": "Mobile Responsiveness", "description": "Mobile Responsiveness is like making sure a website or app works well and looks good on mobile devices like phones and tablets. It involves designing and optimizing the content and layout to provide a smooth and user-friendly experience on smaller screens. For example, a website with mobile responsiveness adjusts its content to fit various screen sizes, making it easy to navigate on smartphones. Ensuring mobile responsiveness is crucial in today's digital age, as many people access information and services on their mobile devices.", "category": 8}}, {"model": "questionnaire.specificquestion", "pk": 6, "fields": {"question": "Return Rate", "description": "Return Rate is like measuring the percentage of products customers send back compared to the total number of products sold. It indicates how often customers return items for reasons like defects or dissatisfaction. For example, if a company sells 100 products and 5 are returned, the return rate is 5%. Monitoring return rates helps businesses assess product quality, customer satisfaction, and potential areas for improvement.", "category": 8}}, {"model": "questionnaire.answeroption", "pk": 1, "fields": {"question": 4, "option_text": "Less than $50,000", "points": 3}}, {"model": "questionnaire.answeroption", "pk": 2, "fields": {"question": 4, "option_text": "$100,000-$200,000", "points": 6}}, {"model": "questionnaire.answeroption", "pk": 3, "fields": {"question": 4, "option_text": "$250,000-$500,000", "points": 9}}, {"model": "questionnaire.answeroption", "pk": 4, "fields": {"question": 4, "option_text": "$500,000-$1 Million", "points": 12}}, {"model": "questionnaire.answeroption", "pk": 5, "fields": {"question": 4, "option_text": "$1 Million - $5 Million", "points": 15}}, {"model": "questionnaire.answeroption", "pk": 6, "fields": {"question": 3, "option_text": "Less than $50,000", "points": 3}}, {"model": "questionnaire.answeroption", "pk": 7, "fields": {"question": 3, "option_text": "$100,000-$200,000", "points": 6}}, {"model": "questionnaire.answeroption", "pk": 8, "fields": {"question": 3, "option_text": "$250,000-$500,000", "points": 9}}, {"model": "questionnaire.answeroption", "pk": 9, "fields": {"question": 3, "option_text": "$500,000-$1 Million", "points": 12}}, {"model": "questionnaire.answeroption", "pk": 10, "fields": {"question": 3, "option_text": "$1 Million - $5 Million", "points": 15}}, {"model": "questionnaire.answeroption", "pk": 11, "fields": {"question": 1, "option_text": "Regular business audits", "points": 3}}, {"model": "questionnaire.answeroption", "pk": 12, "fields": {"question": 1, "option_text": "Infrequent business audits", "points": 0}}, {"model": "questionnaire.answeroption", "pk": 13, "fields": {"question": 2, "option_text": "Sole proprietorship", "points": 3}}, {"model": "questionnaire.answeroption", "pk": 14, "fields": {"question": 2, "option_text": "Partnership", "points": 6}}, {"model": "questionnaire.answeroption", "pk": 15, "fields": {"question": 2, "option_text": "Incorporation", "points": 9}}, {"model": "questionnaire.answeroption", "pk": 16, "fields": {"question": 2, "option_text": "Not Registered", "points": 0}}, {"model": "questionnaire.answeroption", "pk": 17, "fields": {"question": 6, "option_text": "More than 10%", "points": 6}}, {"model": "questionnaire.answeroption", "pk": 18, "fields": {"question": 6, "option_text": "6-8%", "points": 9}}, {"model": "questionnaire.answeroption", "pk": 19, "fields": {"question": 6, "option_text": "4-6%", "points": 12}}, {"model": "questionnaire.answeroption", "pk": 20, "fields": {"question": 6, "option_text": "Less than 4%", "points": 15}}, {"model": "business.business", "pk": "a82a36da-b6a0-43e7-8080-7f3e7f36d4f5", "fields": {"name": "toyota inc", "user": "4675498e-3911-4b3f-9173-a6590aa86ba6", "industry": 8, "logo": "business_profile/WhatsApp_Image_2024-03-06_at_16.09.19_2_PYUQz7D.jpeg", "date_founded": "2022-01-01", "street_address": "123 Business St", "city": "Accra", "state_province": "Business State", "postal_code": "67890", "country": "Ghana", "facebook_url": "http://meta.com/business", "twitter_url": "http://x.com/business", "linkedin_url": "http://linkedin.com/bright/", "legal_status": null, "tax_id": null}}, {"model": "business.business", "pk": "af7826fb-3f38-4232-9b22-0114cbc37b71", "fields": {"name": "Scenic Routes Inc", "user": "09ef24b6-acc8-440e-958d-9cb115824a71", "industry": 3, "logo": "", "date_founded": "2022-01-01", "street_address": "123 Business St", "city": "Accra", "state_province": "Business State", "postal_code": "12345", "country": "Canada", "facebook_url": null, "twitter_url": null, "linkedin_url": null, "legal_status": null, "tax_id": null}}, {"model": "business.business", "pk": "b4bf4f80-c68f-4fbb-b3a1-3730f8f70965", "fields": {"name": "toyota", "user": null, "industry": 8, "logo": "business_profile/WhatsApp_Image_2024-03-06_at_16.09.19_2_ycWoFVE.jpeg", "date_founded": "2022-01-01", "street_address": "123 Business St", "city": "Accra", "state_province": "Business State", "postal_code": "67890", "country": "Ghana", "facebook_url": "http://meta.com/business", "twitter_url": "http://x.com/business", "linkedin_url": "http://linkedin.com/bright/", "legal_status": null, "tax_id": null}}, {"model": "business.business", "pk": "e1c2e071-dcfd-4ede-87f5-e68f4dc767ab", "fields": {"name": "The Lending Line", "user": "09ef24b6-acc8-440e-958d-9cb115824a71", "industry": 8, "logo": "business_profile/ll_logo.png", "date_founded": "2022-01-01", "street_address": "123 Business St", "city": "Accra", "state_province": "Business State", "postal_code": "12345", "country": "Canada", "facebook_url": null, "twitter_url": null, "linkedin_url": null, "legal_status": null, "tax_id": null}}]